t,qx,qy,qz,qw
0.0,-0.9610037915995512,-0.05039435867360129,-0.19511144504143507,0.189376992158514
0.02,-0.9596261990203481,-0.04804612530937819,-0.20086839250883642,0.19094768102134901
0.036,-0.9585416244625209,-0.046145532784965936,-0.20519618384027474,0.19225782198426
0.06,-0.9569479975220598,-0.04325200044935301,-0.21122474574336964,0.1943293628901658
0.08,-0.9556559650837673,-0.040796559088228095,-0.21583152889331056,0.1961480774872654
0.1,-0.954402200172624,-0.03829161056836754,-0.22006899152691628,0.1980399753435178
0.124,-0.9529446940487069,-0.03522174929154733,-0.2247134502365316,0.2003988616336276
0.144,-0.9517520099581344,-0.03262239655598485,-0.22830734210428277,0.20243430619554936
0.16,-0.9508098185072994,-0.0305163608756678,-0.23102037812122028,0.20410542776161233
0.18,-0.9496509321867004,-0.02784525599681282,-0.23420220821716617,0.2062451802627303
0.196,-0.9487412430661796,-0.025673837421527023,-0.2365763164806984,0.20799652462894175
0.216,-0.9476296124726173,-0.02290995911624004,-0.23932396519781973,0.21023151766631518
0.232,-0.9467597261517878,-0.020658479944545168,-0.2413487567507352,0.21206137262181207
0.252,-0.9456975528790365,-0.017790310644674824,-0.24367334591339743,0.21438970081871422
0.276,-0.9444601313654564,-0.014265230816581485,-0.2461715365780231,0.21723521360430914
0.3,-0.9432645590754293,-0.010641759676396773,-0.24835911122004903,0.22012831807201305
0.316,-0.9424907359125971,-0.00816642632779716,-0.24965002988046597,0.2220796811521628
0.336,-0.9415496087844563,-0.005000772855416174,-0.2510806310990848,0.2245391795557544
0.36,-0.9404536288972285,-0.0011008374877562615,-0.2525400373354725,0.22752865664231783
0.376,-0.9397402151144124,0.0015584939492864233,-0.25336988515599607,0.22954215405751807
0.4,-0.9386979216069864,0.005643689488531285,-0.254406436843484,0.23257627916940155
0.42,-0.9378476448496924,0.009127875367515947,-0.2551076783032484,0.23511390731278925
0.448,-0.9366472850043717,0.014089322492092314,-0.25600400289202413,0.238653105969551
0.472,-0.9356236083189541,0.018435396435234154,-0.25673429402832115,0.24157007675677813
0.492,-0.9347561200683834,0.02210646911828932,-0.2572866012353977,0.2440202959644171
0.508,-0.9340579787344665,0.025079139831187418,-0.2576783203264164,0.24598498397578575
0.524,-0.9333575965357934,0.0280818250065061,-0.25801865983113403,0.24795438949971552
0.548,-0.9323028116207633,0.032638232218195375,-0.25842417009658675,0.2509246132837135
0.568,-0.9314198204824156,0.03647774803938525,-0.2586608229905062,0.25341876520959156
0.584,-0.9307096698654381,0.03957067333131945,-0.2587724156487033,0.2554417920591853
0.6,-0.9299879030453356,0.042670684566824435,-0.25879948834866684,0.2575355076458515
0.616,-0.9292610463642429,0.045779795597853654,-0.2587537090531338,0.2596625426901183
0.632,-0.9285352201410778,0.04890323537410616,-0.25863679149339547,0.2617973044427822
0.648,-0.9278102849067024,0.052037301935587296,-0.2584493381896455,0.26393964086120647
0.668,-0.9268955511006898,0.05595633648406314,-0.2581086115654469,0.26667109028312036
0.692,-0.9257991872623572,0.06066683790753583,-0.2575566383434967,0.26996291909789577
0.712,-0.9248922749153752,0.06460008661625415,-0.25697781332128694,0.27269674011921075
0.732,-0.9239905233078348,0.06852783113530954,-0.25628159392370853,0.2754363698082144
0.752,-0.9230927869552124,0.07244075798958582,-0.2554706570056429,0.27818480667041917
0.772,-0.9222015634465658,0.07634760808380382,-0.25456263256686773,0.2809149074314454
0.792,-0.9213144797736172,0.0802416872232287,-0.25356913471665604,0.2836258008540212
0.812,-0.9204146931906734,0.08409547669025866,-0.252555206560883,0.28632256459794897
0.836,-0.9193035095212201,0.08864448211833795,-0.25136545498635776,0.2895489962190184
0.856,-0.9183563507967313,0.09237824207060828,-0.2503832700303338,0.29222609642564784
0.88,-0.9172122946382832,0.09680936804293287,-0.24921461151159371,0.2953669416719285
0.896,-0.9164430433036979,0.09972762047998755,-0.2484125229975148,0.29745212810075083
0.912,-0.9156689756344011,0.10261608330425465,-0.24758407596639753,0.2995369623866244
0.932,-0.9146962565427649,0.1061841249597814,-0.24650507062448845,0.302143906159952
0.948,-0.9139195300904801,0.10900631624518133,-0.24560556142434367,0.30421476580745466
0.972,-0.9127532024804423,0.1131787886597355,-0.24416707797686105,0.30733465667160453
0.996,-0.9115739838715666,0.11725970749910844,-0.24260087270523997,0.3105283392677716
1.016,-0.9105992370167267,0.12060385491220818,-0.241208130100766,0.31318106216398556
1.036,-0.9096330352492221,0.12389491695132318,-0.23972319914138776,0.31583314982808686
1.052,-0.9088653425731182,0.12648812369219356,-0.23845726010173854,0.3179664742375346
1.072,-0.9079166362624561,0.12968313029777234,-0.2367708087571019,0.32063881772883623
1.092,-0.9069872536686457,0.13283168657414335,-0.23496724898376964,0.32329592733202756
1.116,-0.9058799877013026,0.13651437104581468,-0.2325952615998024,0.3265650297591173
1.132,-0.9051475656564747,0.13891709113328596,-0.2309043694732281,0.32877514859763235
1.152,-0.9042276417752588,0.1418440329831602,-0.22873235707532025,0.33156319304680776
1.172,-0.9033008068779351,0.14468299747421345,-0.2265077316848671,0.3343781243181504
1.192,-0.9023718012978176,0.14744672205264645,-0.22421988870163737,0.3372091901017632
1.212,-0.9014459687229116,0.15015290345420063,-0.2218568764032883,0.3400423465541626
1.236,-0.9003330570212019,0.15332928126969148,-0.21887824171865533,0.34348629265565606
1.252,-0.8995951741951597,0.1554174199284724,-0.21680421083820817,0.34578878280010633
1.272,-0.8986818333528842,0.1580111012856981,-0.21411666546235697,0.3486509828514196
1.288,-0.8979583632073387,0.16007834204393348,-0.21188203091942107,0.35092977549350846
1.308,-0.8970627762510763,0.16266147515994112,-0.20898393337610366,0.35375886639652676
1.336,-0.8958260825299315,0.16629987605834845,-0.2047348843404956,0.3576640997026935
1.356,-0.8949523742716361,0.1689271451253297,-0.20156058241409838,0.3604125400735339
1.38,-0.893912246302103,0.17212319492607053,-0.19759695047241785,0.3636618578344056
1.404,-0.892875918023156,0.1753729987856532,-0.19347648154509386,0.3668565896916189
1.424,-0.8920154056308841,0.17812493277392952,-0.18993625786896137,0.36946480534441684
1.44,-0.8913282751248175,0.18033866570436452,-0.18708755498653143,0.37149713105776316
1.46,-0.8904519656249755,0.18309548024215141,-0.18351374417615857,0.3740241272003195
1.48,-0.8895583003110198,0.18584493512027397,-0.1798962011567027,0.3765435529222321
1.5,-0.8886455934177754,0.18858447378329696,-0.17619625006510145,0.3790775474886941
1.516,-0.887907434395451,0.19078371596909557,-0.17318515590175673,0.3810890492281244
1.54,-0.886784648303634,0.19409947633768868,-0.16856448293038445,0.3840890468535224
1.56,-0.8858318835711979,0.19688106347922227,-0.16461387415034678,0.38657727989265994
1.576,-0.885052540394518,0.19911983531067062,-0.16138070881819955,0.38857374943297074
1.596,-0.8840637069050971,0.20194695359503587,-0.1572568681963331,0.3910486766017555
1.612,-0.883249377542566,0.2042265986423602,-0.15387356051241835,0.3930457490583928
1.628,-0.882422242470781,0.20653018060573602,-0.15043358326964068,0.3950265908979499
1.652,-0.881157523290964,0.21003282214669688,-0.14516759394262638,0.3979623128359482
1.668,-0.8802978873172008,0.21240409982297231,-0.1415819743355984,0.399893326409056
1.684,-0.879425028974774,0.21480681835066137,-0.13793380540822858,0.40180083938238476
1.708,-0.8780881749587196,0.21847681996435653,-0.13233391535353833,0.4046192914124705
1.728,-0.8769464018437451,0.22159442967878015,-0.12753861443118913,0.40693343295632217
1.748,-0.8757668611301397,0.2247505397345661,-0.12258925931284863,0.40925722148352034
1.772,-0.8743144072412179,0.22859372147750465,-0.11654690224535051,0.4119903486351539
1.788,-0.8733233918073973,0.23115617653539408,-0.11251636210746878,0.41377910003969753
1.808,-0.8720535394499724,0.2343604160410487,-0.10745962910446487,0.41599308628698733
1.828,-0.8707493174692688,0.23757784893687475,-0.10237249131733446,0.4181773126830441
1.844,-0.8696815244984849,0.24016989141063855,-0.09827614953492823,0.41989792526086833
1.864,-0.8682819742907065,0.24340968169003116,-0.09302863635737514,0.422118245043824
1.884,-0.8668208454941483,0.2466693960465292,-0.08767558271525765,0.42436873478896936
1.9,-0.8656217929819476,0.24930821435950246,-0.08335993245353303,0.4261401734511043
1.92,-0.8640820480926681,0.25264636680945207,-0.07792417426918141,0.4283221341075315
1.94,-0.8624955766102362,0.25602847801611117,-0.07245520030718518,0.43046607615580523
1.956,-0.8611921941109054,0.2587716064326505,-0.06806959235820927,0.4321478810579747
1.972,-0.8598583893580101,0.2615514960719041,-0.06368156627838291,0.43379606184188596
1.992,-0.85812967874688,0.2650565864671716,-0.05813185049296732,0.43586597525203863
2.012,-0.8563704192106335,0.2686258817786969,-0.05263576911676288,0.4378348050910393
2.028,-0.8549226852504963,0.27152193925102713,-0.048251836622057315,0.43938001662802195
2.052,-0.8526801012314784,0.27593332705043955,-0.04170737725862772,0.44165364106838
2.068,-0.8511372959977965,0.2789184101421959,-0.037380444387200965,0.44313939818382697
2.088,-0.849153082475787,0.28270049527828944,-0.03202705711065247,0.44496487513522937
2.112,-0.8466768277211064,0.2872762134646925,-0.025681027541232585,0.4471590448620477
2.132,-0.844534156382325,0.29108347142436075,-0.020510262701677502,0.44901202711179816
2.148,-0.8427720685463217,0.2941316893166843,-0.016456779462794138,0.4505007927047193
2.172,-0.8400463255336202,0.2987115030114442,-0.010482580158793435,0.4527512832000825
2.196,-0.8372217584635125,0.30330408933181785,-0.0046269052376644955,0.45502192067831454
2.212,-0.835287195095168,0.30637710010569397,-0.0007938921247607754,0.45653887455086073
2.232,-0.8327972763368398,0.3102251063641234,0.0039778484159028096,0.4584683812754049
2.248,-0.8307508217903561,0.31331268472115953,0.0077783565685095755,0.46003014124789754
2.264,-0.8286619451926931,0.3164114941799741,0.011548291705091859,0.46159482655133016
2.28,-0.826528450198312,0.31951842472190806,0.015301899679400998,0.4631679491741721
2.304,-0.8232484488271102,0.3241957867083526,0.020890462228435467,0.4655348235870133
2.328,-0.8198749543193427,0.3288910256026468,0.02641620107577399,0.46790804318649964
2.344,-0.8175759029421318,0.3320315186018629,0.030061466582764214,0.46949017221896366
2.364,-0.8146419148247063,0.3359615451594594,0.034607449349212664,0.4714771630040488
2.38,-0.8122484579056615,0.3391112879634461,0.03822106512382461,0.4730698967239915
2.4,-0.8092045077324198,0.34304405203733435,0.0426943130351585,0.47506424687803533
2.424,-0.8054948380869096,0.34769903789458334,0.04791652983950419,0.4774803148095892
2.448,-0.8017187882669562,0.35228639842448634,0.05301382307046933,0.47992792436814974
2.464,-0.7991639793417525,0.3553130446545865,0.05636005872296582,0.4815735854484614
2.48,-0.796575157384806,0.3583134152128149,0.05968751252260984,0.48323588025390224
2.5,-0.7932788142052069,0.36201937751937696,0.0638656586960463,0.48535746710335465
2.52,-0.7899391445019707,0.3656895017522501,0.06801345517084445,0.48748487792690487
2.54,-0.7865560082124847,0.36932667014531667,0.07214546198011657,0.4896146331349686
2.564,-0.7824462298407459,0.3736503673011013,0.07707825440472355,0.49216078990679013
2.58,-0.7796759350006477,0.37650948350641356,0.08035637250163499,0.49385108950874856
2.596,-0.7768818635124638,0.37934970118007333,0.08363326360684364,0.4955339055790825
2.616,-0.7733380674100161,0.3828547554089373,0.08780271367221898,0.49765565728433014
2.636,-0.7697643372201921,0.38632829456494205,0.09197329229082112,0.4997541670338416
2.652,-0.766881891525825,0.38908440353394613,0.09531760303916156,0.5014180351037197
2.668,-0.7639780322618414,0.3918192846016267,0.09867157156408836,0.5030697122672637
2.688,-0.7603270999512148,0.3952087932789573,0.1028604491706641,0.5051063638395136
2.704,-0.7574062969473877,0.3979032060050051,0.10617205039827173,0.5066914600717196
2.724,-0.7537287231940065,0.4012425565130099,0.11031831275351191,0.508652428035545
2.74,-0.7507612070769205,0.40386331367974926,0.11366076589534298,0.510228639051261
2.768,-0.7455508092659201,0.40830993793541254,0.11944641058410946,0.5130005266904545
2.788,-0.7418113194779137,0.41139411032881296,0.12356172938573007,0.5149789814277946
2.808,-0.7380536518853913,0.41441388562605436,0.12768648885340741,0.5169469014349944
2.824,-0.735034044644691,0.4167902293440349,0.13100115572390095,0.5185070444416504
2.844,-0.7312202915768169,0.41971115123405855,0.1352097937570951,0.5204591688002624
2.864,-0.7273667350405132,0.422585222177891,0.13950405821379794,0.5223963825441823
2.884,-0.7234823465131337,0.4254218818627343,0.14387217746611616,0.5242998314584683
2.908,-0.7187951050933141,0.4287905732781662,0.1491830442766126,0.5265136849712793
2.928,-0.7148731978109775,0.43156912244381124,0.1536596592906424,0.5282926392741711
2.948,-0.7109342241693517,0.4343249547701499,0.1581914541602205,0.5300092701069522
2.964,-0.7077731003070056,0.4365142832230007,0.16185343052254622,0.5313341566775118
2.992,-0.7021953412896815,0.44029042105140626,0.16841786135557782,0.5335742420487111
3.016,-0.697390011829642,0.4434840533839641,0.1741541984179924,0.5353871318660616
3.036,-0.6933823044708624,0.446097160861838,0.17896866824180385,0.5368319277999761
3.056,-0.6893898139688569,0.44862315726097535,0.18376035468972818,0.5382481576461589
3.076,-0.6854104892040627,0.45106876068265406,0.18852652396573175,0.5396361590800421
3.096,-0.6814454350846779,0.4534438052955497,0.19327028778215374,0.5409874585440493
3.112,-0.6782681930947114,0.4552852447057528,0.19709663083813558,0.542052139836671
3.128,-0.6750862441930187,0.4570828310188844,0.20094009521378664,0.5430993708563843
3.148,-0.6711141091904321,0.4592845482348609,0.20573986848046508,0.5443662946177632
3.164,-0.6679376838525786,0.4610161394544842,0.20957817012723304,0.5453442584810598
3.184,-0.663968991585606,0.4631464061645358,0.21437339604007852,0.5465204769630432
3.204,-0.6600033429583348,0.4652418981374637,0.21915925579572798,0.5476447608626738
3.224,-0.6560402021000548,0.46730549478082417,0.22393321027568494,0.548717363596045
3.244,-0.6520787184024488,0.4693401182101131,0.22869696483161647,0.5497371160126842
3.264,-0.6480958795700777,0.4713447004667982,0.23348213667020512,0.5507195257861004
3.284,-0.6441091495843307,0.47333081592949416,0.23825687416018948,0.5516475360487759
3.3,-0.6409141893908392,0.4749109635338907,0.24207416137690743,0.5523483311701611
3.316,-0.6377140470275179,0.4764844890454676,0.24589281137478727,0.5530099919866437
3.336,-0.6337128603068541,0.47844684931590603,0.2506610724934327,0.5537740060691098
3.356,-0.6297055335743267,0.48040334512279137,0.25543975825072696,0.5544673992991066
3.376,-0.6256924067483018,0.4823542623242167,0.26023208983624646,0.5550879544492371
3.392,-0.6224724202169051,0.4839087242475298,0.26408554025119757,0.555535111488617
3.412,-0.6184327857347074,0.4858151397549035,0.2689375398095448,0.556054978571834
3.432,-0.6144218369346224,0.48765684698876893,0.27375848976308736,0.5565365173692471
3.456,-0.6096429251822816,0.489794447418258,0.2795218225650064,0.5570497767375654
3.48,-0.6049054614142455,0.4918836237703749,0.2852671904196068,0.557460773048514
3.5,-0.6009638201896047,0.49358923754679046,0.2900973170786619,0.557723675331124
3.52,-0.5970467197266616,0.4952668095711159,0.29494562364027854,0.5579006012690151
3.536,-0.5939309424495206,0.4965893081437855,0.2988440665386462,0.5579760913631927
3.556,-0.5900583189494821,0.4982194640389167,0.303743658577665,0.5579859637707214
3.576,-0.5862150813306061,0.4998186815124246,0.30867635663348203,0.557899696080946
3.596,-0.582408483836034,0.5013827976095945,0.31364178214279514,0.5577136189042546
3.616,-0.5786406976151538,0.5029003283910838,0.318651522712506,0.5574292868522337
3.632,-0.5756669873841737,0.504092808676029,0.32266308510732106,0.5571234094760046
3.648,-0.5727226847210478,0.5052567787903576,0.3266993222303939,0.5567511713023229
3.664,-0.5698080688863657,0.5063921621550027,0.33076160056090337,0.5563115191458484
3.684,-0.5662067641007479,0.5077745574692054,0.3358798666068094,0.5556614205446557
3.708,-0.5619577379185045,0.5093968424721431,0.34205899359058717,0.554719751385078
3.728,-0.5584735019149611,0.5107099989817547,0.3472551026240412,0.55380189445366
3.748,-0.5550508754941352,0.5119603705648424,0.3524909457710883,0.5527795561828485
3.772,-0.5510615324088352,0.5133532149612486,0.35875453081389425,0.5514479583865362
3.788,-0.5484644064708042,0.5142235171248413,0.36293180031644856,0.5504920322669967
3.808,-0.5452726047274831,0.515256390964565,0.3681758908442131,0.5492132113350402
3.832,-0.5415090532402143,0.5164374778198635,0.37451472414799264,0.5475390380222198
3.852,-0.5384211311077364,0.5173872607565685,0.3798455947616931,0.5460132160704685
3.872,-0.535357720423678,0.5182978565947417,0.38525035817164455,0.5443726706592453
3.888,-0.5329312766686668,0.5190103383107331,0.38960739035579717,0.5429720107473578
3.908,-0.5299247276187826,0.5198851224058332,0.3950935272750706,0.5411102912203519
3.932,-0.5263532223704454,0.520922972444378,0.40172637597774996,0.5387090689080201
3.948,-0.5239887059023163,0.5216087108777762,0.40617900451581984,0.5370091294510533
3.964,-0.5216379016711248,0.5222901835232961,0.41065016528674647,0.5352320108937014
3.988,-0.5181321583688805,0.5232916619157603,0.4174144266981387,0.5324191012893049
4.004,-0.5158083434785875,0.5239518926836024,0.4219489528627928,0.5304481578148228
4.024,-0.512918910517967,0.5247731181838869,0.4276297621950345,0.5278827068105567
4.044,-0.5100460613594469,0.525591862540297,0.43331621374797097,0.5252078333633838
4.064,-0.5071908542422194,0.5264106222505625,0.43899809062757994,0.5224270002403805
4.08,-0.5049241627276488,0.5270550606377171,0.443527505122921,0.5201421970474923
4.1,-0.5021439080726984,0.5278131579803249,0.44913171823107934,0.517247972956021
4.12,-0.49939311670204745,0.5285056828882121,0.4547183339833681,0.5143145874704218
4.136,-0.49722070152742104,0.5290314221486118,0.459151631418495,0.5119346713377904
4.156,-0.49453290426273994,0.5296695199967472,0.464644259430185,0.5089136649437213
4.176,-0.49186933419562423,0.5302921991380825,0.47008200130949046,0.5058435070811068
4.196,-0.48922728142162286,0.5309061485290489,0.4754583672234415,0.5027272318107293
4.224,-0.48556465875043114,0.531757526480277,0.48287021117961376,0.49829434510087517
4.244,-0.4829742661198102,0.5323576010530471,0.48808402414720353,0.49508103199309483
4.26,-0.48091909879817946,0.5328348321815305,0.49220172213066105,0.4924848492662885
4.276,-0.47887667995318883,0.5333115772646451,0.4962743955715644,0.4898648908143818
4.296,-0.4763371476122764,0.5339059953121372,0.5013091571955329,0.4865556893987174
4.32,-0.4733085295490318,0.5346162376733051,0.5072674976199658,0.48253932495761565
4.34,-0.470801837970533,0.5352061582455778,0.5121606766161595,0.4791570085761612
4.364,-0.4678022724018093,0.5359010257197125,0.5179769055594708,0.4750484710798453
4.38,-0.46582612731008205,0.5363425055306941,0.5218068929304168,0.4722926024898689
4.4,-0.4634168342508983,0.5368442686108219,0.5265132805755162,0.4688569444619488
4.416,-0.4615280728121098,0.5372116430687801,0.5302263094586044,0.4661068003318446
4.432,-0.459668011920319,0.5375570571314623,0.533896369063636,0.4633491083902603
4.452,-0.4573775258828911,0.5379640211166395,0.538427791550729,0.45988696881632324
4.48,-0.4542323673566011,0.5385029555645057,0.5446759988620421,0.4549896477476676
4.5,-0.45203362764956595,0.5388627746413143,0.5490904975167268,0.4514334226845321
4.524,-0.4494240493199539,0.5392815107104519,0.5543328475511621,0.44711136221810394
4.544,-0.44726707186687903,0.5396290281666225,0.5586564015558686,0.44345879558784584
4.564,-0.44511771830303115,0.5399789792771407,0.5629432366002203,0.43975883295004914
4.584,-0.44296474278871206,0.5403320854449579,0.5671970664653735,0.4360171577792643
4.604,-0.4407998802765315,0.5406910429413759,0.5714224067734919,0.4322326857936043
4.62,-0.4390594886980254,0.5409936519047361,0.5747712237850869,0.42917441010805785
4.644,-0.43641783567611026,0.5414659894876458,0.5797602858777368,0.4245374728465196
4.66,-0.434630846806069,0.5417947246587449,0.5830645494917126,0.42141456365747565
4.676,-0.43282166582599463,0.5421345217434109,0.5863499143507214,0.41826946322503167
4.7,-0.4300701904415696,0.5426691403496099,0.5912349137948223,0.4135107158415567
4.72,-0.42773488471554005,0.5431324625616487,0.5952740518663712,0.409510439041175
4.74,-0.425365684218866,0.5436167645734429,0.5992768175842432,0.40547767370080895
4.76,-0.4229908453808594,0.5440947616504745,0.603236619025917,0.401428968230595
4.78,-0.4206426946883763,0.5445427393242112,0.6071378235443242,0.3973872062314625
4.8,-0.41830853952004327,0.5449684596722689,0.6109910530264255,0.3933411710572677
4.82,-0.4159802539753945,0.5453875622777614,0.6147977983921208,0.3892768967039896
4.84,-0.4136481825423168,0.5458080389760022,0.6185671300604362,0.38517979084760484
4.856,-0.41176483333534986,0.5461314999464411,0.6215845427978307,0.38186746778087
4.88,-0.40888868244152543,0.546572395356562,0.626158397456307,0.3768213413547237
4.9,-0.4064715813046704,0.5469414812058976,0.6299517244973608,0.37255428400540597
4.916,-0.4045238481397428,0.5472313467736263,0.6329814836235635,0.3690972104801795
4.932,-0.4025632739473499,0.5475134702123752,0.6360097804766198,0.36560001305097806
4.956,-0.39960299056656357,0.5479197770412472,0.6405436104572468,0.36028495799814303
4.976,-0.3971195534942331,0.5482223009896025,0.644328510514258,0.3557936754197362
4.996,-0.3946290041557481,0.5484987352953965,0.6481075953124711,0.35124582752920985
5.012,-0.3926345134224666,0.5487063162296085,0.651116879049938,0.34757204607894515
5.036,-0.389645103258044,0.5489941012584432,0.6556030503077742,0.34200410921157764
5.056,-0.3871624359654978,0.5492119601571639,0.6593077350922496,0.33731999858460165
5.072,-0.385181473245441,0.5493688879057746,0.6622513000509367,0.3335450093323066
5.092,-0.3827329258350242,0.5495335733587434,0.6658948101511475,0.32880459401763196
5.112,-0.38036669057141415,0.5496433472826013,0.6694705908434814,0.3240717505235651
5.128,-0.3785251042868239,0.5496942614078537,0.6722895148162362,0.3202838938630433
5.148,-0.37627280951500647,0.5497134937938944,0.675774785656466,0.31553492141370193
5.172,-0.3736286683228949,0.549678239173853,0.6799090299132832,0.30980503970783163
5.192,-0.3714685533493754,0.5495920658911839,0.6833284377023817,0.30499495276021393
5.208,-0.36976579836650303,0.5494917702948146,0.6860455505033484,0.30112049311066663
5.232,-0.36724670663722997,0.5492976979695542,0.6900849613292023,0.29527045503526145
5.248,-0.3655899399740766,0.5491400413391851,0.6927525639434636,0.29134703694650244
5.268,-0.3635464399746847,0.5489092730571382,0.696061566669497,0.2864103548044703
5.288,-0.3615275861060403,0.5486394140200106,0.6993485159679024,0.28143249826843314
5.304,-0.3599330067291576,0.5483941775725022,0.7019616613541333,0.27742004732973496
5.32,-0.35835994151831657,0.5481150512796784,0.704565210553765,0.2733786878178204
5.348,-0.35566224910271776,0.5475537673784282,0.7090902994102375,0.26623332562845353
5.368,-0.3537629666443214,0.5470674458029187,0.7123350240267979,0.2610513105089123
5.388,-0.35190473063350614,0.5465296192412578,0.7155589237156066,0.2558199807300598
5.408,-0.3500897479159346,0.5459387139778393,0.7187613289690424,0.2505398989443324
5.428,-0.34834649185656086,0.545290197105526,0.7219251554332368,0.245229265187784
5.448,-0.346727335815282,0.5445670803850409,0.7250265113643222,0.23992375325971743
5.472,-0.34492810323772716,0.5436154568967344,0.7286683069213273,0.23355799517076048
5.492,-0.34352428467709273,0.5427400769248507,0.7316660550187275,0.22823027553335568
5.516,-0.34193721251737624,0.5416184539544633,0.7352069855269316,0.22180865957898463
5.536,-0.3406805875537481,0.5406460898837131,0.7381012272505459,0.21643733755690805
5.556,-0.339470659183821,0.5396438443015561,0.7409465600302674,0.21105067647381173
5.588,-0.33759554442055406,0.5379807731553906,0.7454134783336884,0.20239733797901063
5.604,-0.3366607167991697,0.5371027666296331,0.7476337354080416,0.19805044186489892
5.628,-0.33525619328731077,0.5357501587501078,0.7509310862305704,0.19151385326996967
5.648,-0.33407851980932074,0.5346026068000342,0.7536414582734374,0.18605415280532733
5.668,-0.3328847160241346,0.5334460815780078,0.7563150202534965,0.18058414666175435
5.684,-0.33191483751137557,0.5325175810702104,0.7584258086773388,0.1762040272611668
5.7,-0.33092974535434533,0.5315826248263901,0.7605151519733845,0.17182002281833653
5.72,-0.3296767493758049,0.5304059959314281,0.7630950131489231,0.16633917550666594
5.74,-0.3283912615283862,0.5292166671650798,0.7656473269768113,0.1608510778320875
5.768,-0.32657982184177964,0.5275254752177061,0.7691536609775979,0.15318335016209622
5.792,-0.32509277582754326,0.5260300067772835,0.7720726169514079,0.14666626479336883
5.812,-0.32387841905271436,0.5247603009235748,0.7744514091618092,0.14126008315798771
5.836,-0.3224231526154152,0.5232145767033981,0.7772526422832102,0.13478927051656864
5.856,-0.3211911908993727,0.5219073996146845,0.7795547759203152,0.12939565856669225
5.876,-0.31992980004069205,0.5205932338465712,0.7818265626386457,0.12399529778072979
5.896,-0.31863003246837,0.5192731287187058,0.7840720270938782,0.11858067519114864
5.912,-0.31755617765430444,0.5182018423886564,0.7858603914333402,0.11422946097582427
5.932,-0.316173228275841,0.5168415693086137,0.7880859652962636,0.10876485305142873
5.948,-0.31503465563173405,0.5157318397198704,0.7898612179899804,0.10436997444446104
5.968,-0.3135677124263636,0.5143168798030697,0.7920758420520793,0.0988397557201638
5.984,-0.3123554017312035,0.5131571155440696,0.793849865157778,0.09437303303808092
6.004,-0.3107923490997523,0.5116754636419781,0.7960659184609166,0.08874338912167908
6.028,-0.3088559650394825,0.5098595558397001,0.7987106084642277,0.0819303979312755
6.048,-0.3071981257642169,0.5083104323745838,0.8009012064215302,0.07620415617703262
6.064,-0.30588013562424937,0.5070406864008762,0.8026328253807663,0.07160748973332084
6.084,-0.30427574408250135,0.5054115196605143,0.804759664162226,0.06585856280690504
6.108,-0.3023912353692514,0.5033964623107722,0.8072652025481531,0.058944340353818236
6.124,-0.3011471109605544,0.5020215025099554,0.8089091108544867,0.05432199328414225
6.144,-0.29959357735174663,0.5002689495776244,0.8109376692828874,0.048525900672960205
6.164,-0.2980294878996909,0.49847563317218335,0.8129433783601246,0.04270282257961677
6.188,-0.2961269432109318,0.4962721600962959,0.8153222369327228,0.0356710888665753
6.208,-0.294523013407712,0.49439050846571475,0.8172805423222573,0.029778093520064816
6.228,-0.2929027998456798,0.49246362597827203,0.819218252962044,0.023853321460768243
6.244,-0.29158276378699116,0.49087929512090106,0.8207635894285557,0.019082446182300927
6.268,-0.28957252695647223,0.4884520726560864,0.8230559391343404,0.011884671039015799
6.288,-0.2878784291209684,0.4863827249552379,0.8249385346185808,0.005853974146646895
6.304,-0.2865182943533275,0.48469503674607267,0.8264242048205401,0.0010109605933377914
6.328,0.28447739499401287,-0.48210636334753165,-0.8286173126164971,0.006278167682729813
6.348,0.28279167857128673,-0.479906039784407,-0.8304012304453182,0.01236349401191928
6.372,0.28089208901977203,-0.4772387976801503,-0.8324402610072857,0.019646276212943563
6.388,0.2796995411772121,-0.47542551806385525,-0.8337500668592702,0.02448610730872478
6.408,0.2782727168023875,-0.4731249199428194,-0.8353353852847245,0.030527025792566543
6.428,0.2768996348737221,-0.4707873107651944,-0.8368684579937847,0.03656616256022452
6.452,0.2752965077137154,-0.46793300801450166,-0.8386481607120507,0.04381546970451067
6.472,0.2739833365400036,-0.46551404297802274,-0.8400855696937433,0.049860231457563145
6.496,0.2724181965757554,-0.4625542495719359,-0.841765246742195,0.05712409084097503
6.512,0.27137385686192383,-0.4605484311674804,-0.8428584406411281,0.06197597438574584
6.536,0.2697971171026815,-0.457489938008748,-0.8444610453014791,0.06926770670497934
6.552,0.2687414291773392,-0.45541785232293064,-0.8455037005493545,0.07413579693129321
6.572,0.26741926796405024,-0.4527909015621616,-0.8467767271408001,0.08022785648894984
6.592,0.2660929593719787,-0.45012117561767473,-0.8480171798387866,0.0863268610080092
6.612,0.2647666450640304,-0.44740968124440755,-0.8492229641701524,0.09243136868171696
6.632,0.263433258757378,-0.44465539992318487,-0.8503962316353856,0.09854310082373448
6.656,0.2618307023703948,-0.44131051236451896,-0.851750902594211,0.10587783008136539
6.676,0.2605015593121628,-0.43849048469949226,-0.8528326466845306,0.11198887968452362
6.696,0.25918564916050074,-0.43563090874785276,-0.8538738180775048,0.1181017079237808
6.72,0.2576291853426699,-0.43214978909165835,-0.8550667010332503,0.12543803024530292
6.744,0.256177498160365,-0.428620543625042,-0.8561744136522278,0.13275124265382057
6.764,0.2550839171184674,-0.4256479973707475,-0.857021599084075,0.13881626801332048
6.788,0.253885668905659,-0.42204216708440606,-0.857955110441625,0.1460667819667553
6.812,0.2527911769808153,-0.4184287788737164,-0.8587889876141122,0.15328226447842305
6.832,0.2519560649541452,-0.41538621461381514,-0.8594192725352511,0.15928260431261185
6.852,0.25118897051560407,-0.4123166685052112,-0.8599908909293881,0.16527169595109828
6.868,0.2506183628601537,-0.4098310913773442,-0.8604115510295157,0.1700613877184781
6.892,0.24982851474547033,-0.40605973851134974,-0.8609809854333647,0.17723697329383345
6.912,0.24922546162704748,-0.40288402908234094,-0.8613988745714635,0.18320236699939402
6.928,0.2487796281139167,-0.400322986691621,-0.8616956608928816,0.18796486629203277
6.948,0.24827100347402506,-0.3970989237181173,-0.8620174931910696,0.19390666581759872
6.964,0.24790326871851653,-0.39450477734893485,-0.8622348878032203,0.1986477995410736
6.988,0.24743307946131354,-0.3905947535461795,-0.8624895841790581,0.20572877016384022
7.008,0.24717891382239018,-0.38733732806377885,-0.862615692519005,0.2115810621722875
7.032,0.2470230207470127,-0.3834291841311299,-0.8626691323313006,0.21854897872174558
7.052,0.24700001035790076,-0.38017131440887225,-0.8626378389066942,0.22431389941378066
7.068,0.24704080903229034,-0.37756395732470543,-0.8625661768896399,0.22890147943595757
7.092,0.24717936490157358,-0.3736885512195855,-0.862374449752949,0.2357319169471127
7.112,0.24737213572037928,-0.3704625160522889,-0.8621481528099177,0.2413816755178253
7.136,0.24768999248998724,-0.3665922187433059,-0.8617999290762607,0.24811427814884526
7.152,0.24794739426955342,-0.3640042348450987,-0.8615252948178099,0.2525810228003258
7.172,0.2483119324257105,-0.36076347233270717,-0.8611361397919346,0.2581384318339739
7.192,0.24871330589117693,-0.35751428750486053,-0.8606988752428553,0.2636715226532019
7.208,0.24905201489985068,-0.35490445022070344,-0.8603173435033207,0.2680857951388963
7.228,0.24949251465103664,-0.35163082515761196,-0.8598001451656656,0.27359268686348276
7.252,0.25003755644954784,-0.3476985706111731,-0.8591181522136726,0.28018373417572134
7.268,0.25040856102967773,-0.34506481330033884,-0.8586306947803939,0.2845683699324062
7.284,0.25078134149641945,-0.3424283037406411,-0.8581160925488944,0.28894350185318374
7.304,0.2512443666285851,-0.3391270964699412,-0.8574372809795212,0.2943983523454468
7.32,0.25161340399257126,-0.3364758613720591,-0.8568674234362456,0.298752252374659
7.34,0.25207763928123283,-0.3331486813830232,-0.8561203229673842,0.30418220274923286
7.356,0.25245896698140213,-0.33050243787432293,-0.8554872621677746,0.30850308396918485
7.376,0.2530023747472902,-0.32720262227340086,-0.854642176820906,0.3138709797806502
7.4,0.25376410134967314,-0.3232598868877369,-0.8535423797561191,0.32026899999185277
7.42,0.25447214657896233,-0.3199911478723888,-0.8525571360495121,0.325570148616024
7.436,0.25507176316202645,-0.3173843490116642,-0.8517280401955527,0.32979526404195114
7.456,0.255854043812772,-0.31412021111022465,-0.8506459537733903,0.33506516167109823
7.472,0.25650237726371866,-0.31150455034427343,-0.8497437107612646,0.33927433088070375
7.496,0.25750618717613716,-0.30754560725153063,-0.8483390125044782,0.3455823822031764
7.512,0.25819304850965213,-0.30489334304499094,-0.8473645220710435,0.34978531387617473
7.532,0.2590708215784893,-0.3015688722513856,-0.846103571140856,0.3550313670626367
7.556,0.2601503415947984,-0.29757177772084775,-0.8445258360333846,0.36131558109812695
7.572,0.2608883085367739,-0.2948949203686862,-0.8434347124602403,0.365502615895809
7.596,0.26201920600661555,-0.29087370982842475,-0.8417377839208561,0.37177402240382346
7.612,0.2627880950910575,-0.28819337667786304,-0.840566504119844,0.3759454041069913
7.632,0.26377039877791886,-0.2848408985478863,-0.8390556880982603,0.3811514023494147
7.648,0.2645776835854375,-0.2821492157061958,-0.8378099518415555,0.38531150257965724
7.672,0.26581822150548473,-0.2781190577202971,-0.835877043636179,0.39153547830366103
7.692,0.26689290561501394,-0.27477392754584135,-0.8342035061710132,0.39670136874656275
7.712,0.26805953047749326,-0.2714782789623195,-0.8324503350349014,0.40183338819979014
7.728,0.2690657586113473,-0.2688738446485638,-0.8309907604165918,0.4059123419028483
7.744,0.27012615498478726,-0.26627729176997045,-0.8294889492911536,0.40997115421044317
7.764,0.2715091093802606,-0.26306268020948764,-0.82755024928348,0.4150197762943216
7.788,0.27323781503646616,-0.25924637451096294,-0.825138809119267,0.4210443675223044
7.804,0.2744228976506392,-0.25672233690998447,-0.8234840872369635,0.4250407898590538
7.82,0.2756277484652219,-0.25421250850108906,-0.8217955258351007,0.4290191819895545
7.84,0.27715589415288144,-0.25109629881416745,-0.8196400387095977,0.43396482115751317
7.86,0.2787001950628235,-0.24798412987366847,-0.8174428043240062,0.43888191380102254
7.88,0.2802566156351712,-0.24486413502150392,-0.8152080517696313,0.44377203280834726
7.9,0.28182017878598636,-0.24175950785458364,-0.8129332924083098,0.4486303481543908
7.92,0.28338484045822165,-0.23867911854517634,-0.8106204917126864,0.4534531166332949
7.936,0.2846404424319048,-0.23623334285165432,-0.8087431913253382,0.45728336591462615
7.952,0.28590481983936933,-0.23380344702636086,-0.8068419952901904,0.4610860839228982
7.976,0.28781937695767035,-0.23019028664246394,-0.80394634496752,0.46673623450137675
8.004,0.2901235277151026,-0.2260410132657259,-0.8004875255655578,0.4732372770628689
8.024,0.29186320777149477,-0.223162280722387,-0.7979411973543502,0.47781200275508123
8.048,0.2940289421473827,-0.21978035140472343,-0.7948149280881553,0.48323163017783505
8.064,0.2955072525276683,-0.2175541034953322,-0.7926939947011968,0.4868078743411512
8.084,0.29737366088704664,-0.21479715064791297,-0.7900079312684982,0.4912418532831271
8.108,0.29962078048068214,-0.21151217180646956,-0.7867421759009202,0.4965145896552718
8.124,0.30111301698858034,-0.20932478128084028,-0.7845448387697006,0.5000034828894573
8.148,0.30333046045699513,-0.20605050526736088,-0.7812192801556932,0.5052031842249544
8.172,0.30551300925267505,-0.2027787866190072,-0.7778592946761934,0.5103699467646514
8.192,0.3073025104108973,-0.20004927487903446,-0.7750341816270435,0.5146527684033496
8.216,0.3094117938552764,-0.19678468685903455,-0.7716114188832377,0.5197652807662787
8.232,0.31079837951267697,-0.19460436127496172,-0.7693089732543335,0.523160791282586
8.248,0.31217190149184654,-0.1924199568190772,-0.7669884388390372,0.5265472427275313
8.268,0.3138678779250542,-0.1896836195071455,-0.7640616099169855,0.5307701347556738
8.288,0.3155370031828495,-0.18694550138138052,-0.7611056545033591,0.5349822070112839
8.304,0.31685733593577015,-0.1847496202384912,-0.7587182329964368,0.5383452882715558
8.324,0.3184991982430031,-0.1820022527394504,-0.7557026694219519,0.5425374790232151
8.344,0.3201871746369651,-0.17929904446988185,-0.7526235339477159,0.5467081872427342
8.368,0.322286997947216,-0.17609200477601117,-0.748847695532556,0.5516790966709875
8.384,0.32371360949087497,-0.17397153785243458,-0.7462849059027896,0.554979497161213
8.404,0.3255126490023002,-0.17133326270716284,-0.7430348645032433,0.5590935687005087
8.424,0.3273170504219834,-0.16871100876312065,-0.7397348318394622,0.5631984753074405
8.44,0.3287624698751346,-0.1666138268261296,-0.7370601705120917,0.5664780456086893
8.46,0.3305684834622368,-0.16399218870489915,-0.7336748078159506,0.5705719202357241
8.484,0.33272777978670326,-0.16084333768212203,-0.7295500781100285,0.5754809543426589
8.508,0.33487466799582816,-0.15769306387761192,-0.7253578575355655,0.580385934401403
8.524,0.336297971742901,-0.15558366792042289,-0.7225265634364791,0.5836546595433898
8.54,0.3377134785427903,-0.15346402060138517,-0.7196671596790967,0.5869221243664338
8.56,0.3394650726982758,-0.1507943812192179,-0.7160549765717634,0.5910074361101381
8.58,0.3411940955064735,-0.14809670378581824,-0.7124010280578189,0.5950955643772332
8.608,0.3435721394565399,-0.1442720863763441,-0.7072154904223745,0.6008244337479237
8.628,0.3452385351657513,-0.1415149957880634,-0.7034619119889343,0.6049175135376589
8.652,0.347206023339718,-0.13816212309021378,-0.6989093179379663,0.6098237207581472
8.672,0.34885151179257073,-0.13535610024625866,-0.6950588864206257,0.6139010451643508
8.688,0.3502004400309543,-0.13312982767575404,-0.6919231698333004,0.6171534880667756
8.708,0.3519144363036298,-0.13035983584809083,-0.6879407471819413,0.6212085568353913
8.724,0.3533026248175479,-0.1281449448910278,-0.6847090410336417,0.6244434782449867
8.74,0.35469860917436574,-0.12593125182240422,-0.6814424204478471,0.6276674629757325
8.756,0.3561026120816081,-0.12370135580329204,-0.6781418062197135,0.6308823938723822
8.776,0.3578639488920411,-0.12088972343854411,-0.6739718851158671,0.6348865779993396
8.8,0.3599733873452937,-0.11748945554587707,-0.6689105194505529,0.6396671831562724
8.82,0.3617228913884548,-0.11463062466325658,-0.6646503170610408,0.6436274743712747
8.84,0.36346051209069297,-0.11175244741052978,-0.6603544351296474,0.6475645656250291
8.86,0.36519064850083793,-0.10885468619571384,-0.6560247002061957,0.6514737448739903
8.876,0.3665724115079365,-0.10652363473993733,-0.6525382737223676,0.6545771029378289
8.896,0.36829581166727393,-0.10359273651536939,-0.648151410840525,0.6584272842729395
8.916,0.3700225779377077,-0.1006282392420593,-0.6437328753805115,0.6622425797528537
8.932,0.37139754071574266,-0.09824408061129142,-0.6401794756304794,0.6652685219944087
8.952,0.3731133473054561,-0.09525483134744475,-0.6357129698277387,0.6690156703398543
8.972,0.3748656205157807,-0.09230494402034344,-0.6311929482269003,0.6727191285918318
8.996,0.3770494036140724,-0.08882281640777089,-0.6256937006493613,0.6770905755416858
9.016,0.3789095187342666,-0.08596422694687188,-0.6210543624498644,0.6806828976696754
9.036,0.38078685794515743,-0.08315055193959874,-0.6163747877837128,0.6842291103957633
9.056,0.38266955833933414,-0.08038371519864197,-0.6116620561555819,0.6877295954884948
9.076,0.38457335416858296,-0.07764206636178421,-0.6069121086874536,0.6911821302110945
9.1,0.3868792501654907,-0.07438137310635863,-0.6011677656025555,0.6952619468420742
9.12,0.38881596617468894,-0.07170206321647599,-0.5963508562366219,0.6986033315437249
9.144,0.39116113571032984,-0.0685090169652717,-0.5905346336130303,0.7025441815343583
9.164,0.3931344802999657,-0.06586641415394655,-0.5856600770632341,0.7057684960523979
9.188,0.39550193811346424,-0.06274263396577429,-0.5797885749094581,0.7095680286174048
9.204,0.3970941374924057,-0.06067187154273445,-0.5758562331172796,0.7120567173706331
9.22,0.3986986098140221,-0.05861003698201629,-0.5719093768974826,0.714509584760111
9.236,0.4003145211975232,-0.05656077950626556,-0.567950527916049,0.7169249334344027
9.252,0.4019391083879548,-0.05452492323888649,-0.5639785207554348,0.7193053691031377
9.268,0.4035773278053656,-0.052498031368946534,-0.5599929826806256,0.7216489150080683
9.284,0.40522957140548826,-0.05048217289345909,-0.5559954796972869,0.7239541223272805
9.304,0.4073339639186542,-0.04801172424241142,-0.5509609316003701,0.7267846778954821
9.324,0.4094982957727694,-0.04563913270347727,-0.5458671674434242,0.729559628017179
9.344,0.41172062830067646,-0.043331712907910866,-0.5407191524797635,0.7322781473113403
9.368,0.4144425685596136,-0.04064642233060366,-0.5344774326802545,0.7354720250784228
9.384,0.4162852258783843,-0.03889201338584087,-0.5302871868666019,0.7375564530632783
9.408,0.41908011816910695,-0.03629367489807727,-0.5239711713593137,0.7406138233263735
9.428,0.42143092431053847,-0.034150312309848205,-0.518689982810508,0.7430951715197321
9.448,0.4237975626494141,-0.03202437903109228,-0.5134017059743408,0.7455124099186582
9.472,0.4266490748052828,-0.029486910070483915,-0.5070571360804421,0.7483275685501581
9.488,0.4285535687600001,-0.027800690920929818,-0.5028316952824147,0.7501528154361615
9.504,0.4304604007385983,-0.026115966388814048,-0.49861275644473413,0.751935581553452
9.52,0.4323688229840381,-0.024433350113720224,-0.4944022630923281,0.7536754039789293
9.54,0.4347543997467614,-0.02233496341649042,-0.4891560339963361,0.7557884199397293
9.556,0.4366629370351966,-0.02065471461600821,-0.484975327200196,0.7574284086242014
9.58,0.43952255096421944,-0.018129985724739624,-0.47873608901920844,0.759804572164526
9.6,0.441898953180957,-0.01602682375157917,-0.4735736658553753,0.761706268259827
9.62,0.4442861475394816,-0.013903045429077653,-0.46844714473247256,0.7635272077826153
9.64,0.4466956906148048,-0.01181478419549756,-0.4633265815190497,0.7652789358909913
9.656,0.4486584559454781,-0.010199784761998964,-0.4592125972325744,0.7666324705113539
9.684,0.4521590484728786,-0.007480147554205378,-0.4519820519101232,0.768900817419115
9.704,0.45469892769717385,-0.005609090446282949,-0.4467984958366432,0.7704469659707401
9.724,0.4572651733465631,-0.0037864145478004253,-0.4416050250895837,0.7719321382899135
9.74,0.45932232486625313,-0.00238208171285028,-0.4374446039121746,0.7730844365748766
9.76,0.46191305964666246,-0.0006709389852951787,-0.4322350056336144,0.7744732242457748
9.776,0.4639992221497716,0.0006706527438382639,-0.4280625851376558,0.7755428390969589
9.796,0.4666190863150254,0.0023226210987544356,-0.4228447453225678,0.7768291672374662
9.812,0.468729150687066,0.0036321121880256426,-0.41866947172371205,0.7778146723377127
9.832,0.47137659836863005,0.005251054915349354,-0.41345368230356144,0.7789945965937896
9.848,0.4735041690058226,0.006531435928712539,-0.4092830862451774,0.7798964659443184
9.868,0.4761831493370976,0.008136992586715524,-0.4040788110241509,0.7809633231595169
9.884,0.47833027143726203,0.009409480848363065,-0.3999228005747732,0.7817757777504685
9.9,0.4804836238760846,0.010673588820720292,-0.39577179308463606,0.7825511162136078
9.924,0.4837289871021054,0.012543704856298412,-0.38954961455273546,0.7836453408956533
9.948,0.4870378542263354,0.014306075109114224,-0.3832651940138533,0.7846637852119229
9.972,0.4904256171936862,0.01594034393036079,-0.3768944234203366,0.7856075438984952
9.992,0.4932975244828232,0.017219579758615444,-0.3715307955006341,0.7863370183367443
10.008,0.4956180354431018,0.018190431503364676,-0.36720772411391256,0.7868864965776973
10.024,0.4979537843377072,0.019120232789366535,-0.36285920938130595,0.7874069084844317
10.04,0.5002987532796993,0.020009127823272996,-0.3584879172781594,0.7879005047822334
10.056,0.5026549287384037,0.020864238427662662,-0.35409499696592744,0.7883650419022421
10.072,0.5050205312342749,0.021688503756037276,-0.34968363149415693,0.7887998666973353
10.092,0.5079894833974447,0.022677734918759667,-0.3441435486734332,0.7893019846693711
10.112,0.5109657207317135,0.02362645277951256,-0.33857465077629895,0.7897613746049406
10.128,0.5133473387660293,0.024359612324190507,-0.3341038276495034,0.7900985706981134
10.144,0.5157310550309352,0.02507930542132828,-0.3296246857174432,0.7904050062353725
10.164,0.5187181770081872,0.02597295420395414,-0.3240150953470621,0.7907408402747746
10.188,0.5223147639229418,0.02704338253814814,-0.31727055365557794,0.7910722714342224
10.204,0.5247123191868074,0.027750847551440416,-0.3127724027732352,0.7912523596282264
10.22,0.5271083497033633,0.028457636772991863,-0.3082753201014728,0.7913995688643177
10.24,0.5301120081032394,0.029359854314035556,-0.302668291040083,0.791524581689214
10.256,0.532507651664951,0.030085414514171568,-0.29819116078960106,0.7915885928806328
10.272,0.5349098391440887,0.030789492675552234,-0.2936971722272873,0.7916220323824512
10.292,0.5379291504604972,0.03161635987958674,-0.2880361670849273,0.7916235224674898
10.308,0.5403427723931788,0.032238715458588425,-0.28348466161446295,0.7915976251716316
10.332,0.5439658816583944,0.0331425990432085,-0.27662391147966614,0.791506095565888
10.352,0.5469823355602249,0.03388356062099797,-0.27088634825276786,0.7913803227494383
10.372,0.549989896586155,0.03462192451305505,-0.26513946444050923,0.7912101493234037
10.392,0.552984749373808,0.03537132357591603,-0.2593886608643286,0.7909957389540635
10.412,0.5559702284246433,0.03614437276687497,-0.2536409089608144,0.7907319259548531
10.432,0.5589419705943257,0.036956401114801425,-0.24790686024764189,0.7904177924154605
10.452,0.5618886815761734,0.03781336233989039,-0.24219570871235171,0.7900585407591412
10.472,0.5648170852768573,0.038728964895949916,-0.23650925363284309,0.7896487196237826
10.488,0.567152577562976,0.03951346974190977,-0.23198187971511644,0.7892788144606879
10.508,0.5700578251188321,0.04056048952765395,-0.2263546885290982,0.7887664278422093
10.536,0.5741023870648525,0.04214123971894234,-0.2185320441862048,0.7879557796889288
10.556,0.5769803255485697,0.04334070871024106,-0.21297842529292094,0.7873090100196417
10.576,0.5798553119866569,0.04459009948798098,-0.2074451733530327,0.7866041191355656
10.596,0.5827387975147204,0.045877361515179474,-0.20191460414255272,0.7858379312590221
10.62,0.5862463850140546,0.04741678450560311,-0.19521112723575146,0.7848308355361997
10.636,0.5885981296625776,0.04839893153588752,-0.1906917374082374,0.784121448799947
10.656,0.591554348739073,0.04960101174455952,-0.18500140889912994,0.7831843147223674
10.672,0.593927187627643,0.05054607756483875,-0.18042638266350572,0.782394983546348
10.692,0.5968988804971292,0.051695948598889166,-0.1746857444276458,0.7813604456673592
10.708,0.5992792821884125,0.052580126752813094,-0.17007698247653702,0.7804956708669658
10.728,0.6022235434269411,0.05361253740734892,-0.1643171603033512,0.7793923084075746
10.744,0.6045860517625479,0.05440461325443068,-0.15970372280508377,0.7784668040404848
10.764,0.6075389790814061,0.05534799784316323,-0.15393567112330495,0.7772623734539669
10.784,0.6104933689731868,0.05623806090365267,-0.14817201803275656,0.7760026933056778
10.8,0.6128564895529857,0.05691264947566817,-0.14356699241070178,0.7749557356601708
10.816,0.6152217961082277,0.057556838695182334,-0.13896669722093583,0.7738718298118158
10.836,0.6181802552872272,0.058323106102339276,-0.13322923920871785,0.7724645992454672
10.852,0.6205596324811861,0.05891647958929044,-0.12864865158761088,0.7712873105479628
10.876,0.6241643884507081,0.05979077491440194,-0.12179669255106271,0.7694215002901276
10.896,0.627172414272409,0.06047018899590743,-0.11611065406619718,0.7677997362794786
10.912,0.6295814703849819,0.06098175433873045,-0.11158005636156568,0.7664582759733272
10.928,0.6319960890425306,0.06146958379808795,-0.10706864300159316,0.7650743358579172
10.948,0.6350161796193594,0.06204317882057871,-0.10146292368211471,0.7632891789494651
10.968,0.638032750077169,0.06257049248851936,-0.09589240211265133,0.7614484818526953
10.988,0.6410566728171273,0.0630143721845002,-0.09031478289730618,0.7595516908841955
11.004,0.643487659095506,0.06329896475669528,-0.08583090580568148,0.7579907184531304
11.028,0.6471288311117883,0.06362499961618416,-0.07909619072925678,0.7555924350996721
11.048,0.6501560016415585,0.06382054027309018,-0.07349512554269946,0.7535400312459687
11.064,0.652571156936912,0.06393554912593738,-0.06902992258237492,0.7518630197584241
11.084,0.6555797431814643,0.06403882157486587,-0.063475524385575,0.7497233406166599
11.108,0.6591764601617829,0.06411614703419839,-0.05686047743663633,0.7470892852690021
11.124,0.6615680920805761,0.06414551390911619,-0.052487237362967926,0.7452906161358838
11.144,0.6645335562124095,0.06415931781617117,-0.0470698007246107,0.743009534571931
11.164,0.6674870635903878,0.06415558784700487,-0.04170635263686537,0.7406791887431539
11.188,0.6710161992117146,0.0641320302405868,-0.03534605528479485,0.7378177278084942
11.212,0.6745265782705091,0.06408642103173262,-0.02906899879177192,0.7348889842386169
11.232,0.6774316292135636,0.06402153628527003,-0.023893646131443003,0.7324047544270015
11.256,0.6808983797700896,0.06391449083025379,-0.017745986995216716,0.7293678182055621
11.272,0.6832008832603604,0.06382524502458042,-0.01368842505428819,0.7273070316099995
11.292,0.6860711538469725,0.06369821384349167,-0.00866756604032984,0.7246887488509597
11.312,0.6889349219612164,0.06355033967647579,-0.0036941713426060733,0.7220224239782229
11.336,0.6923636955708946,0.06329073399455203,0.0022830172566651367,0.7187639277802207
11.356,0.6952208781199962,0.06302455872703873,0.007259433957076503,0.7159910168723812
11.376,0.6980757818010203,0.06272794599797843,0.012210911205623214,0.713166391034587
11.392,0.7003550418370387,0.06247207258869477,0.016144167209080428,0.7108722961158621
11.412,0.7032039379379845,0.06213532290029106,0.021021253712007852,0.7079558815413312
11.432,0.7060564023989786,0.061783025161155164,0.025846816240028048,0.7049816710550721
11.456,0.7094688991825059,0.06133322370473725,0.031558902989587335,0.7013530868291962
11.476,0.7123012462924599,0.06093037780256677,0.03625667784662883,0.6982835218609779
11.496,0.7151259714795505,0.06049686399027985,0.04090141535323919,0.6951705176320934
11.512,0.7173767051034838,0.06012153327785677,0.044581659950422285,0.6926532608796798
11.532,0.7201772059726982,0.05961377592317705,0.04914030744204888,0.6894753221849496
11.556,0.7235184776442417,0.05893886846315457,0.054554389081085036,0.6856172700010056
11.58,0.726813947592901,0.05816740112330536,0.05990792049804451,0.6817397451319561
11.6,0.7295416030251322,0.05745203561267321,0.06433761201656912,0.6784754857321568
11.628,0.7333233444777068,0.05627255914805038,0.07058764618274457,0.6738602642516767
11.644,0.735458813506639,0.0554912313612888,0.07420044031402738,0.6712044036913192
11.668,0.7386297011470381,0.054197160461880174,0.07964813923584435,0.6671918811688091
11.688,0.7412461558706696,0.05301709923096938,0.08420144731043677,0.663817324169019
11.708,0.7438387852836604,0.051752396390995825,0.08875603106109,0.6604149588900912
11.724,0.7459088104668655,0.05069092401138423,0.09239887274293532,0.65765714852544
11.74,0.747952343416625,0.04957508443904005,0.096039636053013,0.6548938778819405
11.76,0.7504852521085847,0.048120374581605535,0.10057861259351888,0.6514140454475961
11.78,0.7529948484652316,0.04660613047937134,0.10509658390862586,0.6479053440413192
11.796,0.754987268551851,0.04535905291113816,0.10869429808640048,0.6450754453605598
11.82,0.7579458079754331,0.04342922016411663,0.11405321038857037,0.6407994383646611
11.84,0.7603846184326196,0.041774030815289825,0.11847717340933196,0.6372074401491697
11.86,0.762799764702812,0.04008321636544009,0.12285969472856013,0.6335892598098087
11.876,0.764714487935426,0.038706650977410835,0.12633431772213558,0.6306767692546277
11.892,0.7666133093481837,0.03730904960381344,0.12978201225708133,0.6277489132148211
11.92,0.7698974190739797,0.034822544940612196,0.13574959855641416,0.6225892714774778
11.936,0.7717442596844254,0.03337557132379168,0.13912279734282454,0.6196303060232417
11.956,0.7740183071737914,0.03150985695068708,0.14335234625500587,0.6159163042962499
11.984,0.7771341518729246,0.028777866221993503,0.1493343754234914,0.6106828872052459
12.0,0.7788816477164718,0.027172517311000618,0.15276872450324513,0.6076732263043263
12.02,0.7810328825157284,0.025135184100235807,0.15706909194608504,0.6038916784528928
12.04,0.7831512487079616,0.02307283995252981,0.16136765452296606,0.6000851987655106
12.056,0.7848235123710311,0.021411102326205536,0.16479989073224438,0.5970214528318185
12.072,0.7864762870163506,0.01974325837529367,0.16822138562034183,0.593941764089438
12.088,0.7881099265691163,0.018073872344066395,0.17162901122925017,0.5908464786102924
12.112,0.7905289010508508,0.015575769737135719,0.17670625081043562,0.586170924666986
12.128,0.7921216703023535,0.01391731801129384,0.1800640568676828,0.5830321630245917
12.144,0.793694062243946,0.012264457019798692,0.18339967735622165,0.5798826407113309
12.164,0.7956338859960748,0.010205955221269719,0.18753613342850547,0.5759277355636664
12.18,0.7971665566617872,0.0085650082939182,0.19081894874590302,0.5727479815524654
12.196,0.7986832070198951,0.006927452618960063,0.19407885601418157,0.5695529324591826
12.224,0.8013006188633928,0.0040701788174015395,0.19972888957863782,0.5639229756990067
12.244,0.8031468225430407,0.00203700441054513,0.2037181859365989,0.5598659953692048
12.268,0.8053301645475434,-0.00039950644500329067,0.20845528421590875,0.5549680720067524
12.284,0.806753473924472,-0.002039444394158174,0.21160534301436537,0.5516954338991146
12.308,0.8088223830643649,-0.004561690536359207,0.21638604583008644,0.5467747459453042
12.324,0.8101651753813935,-0.006276031579634866,0.2196025174870362,0.543477446027159
12.344,0.8118049629410359,-0.008446312955910086,0.22364111156427735,0.5393384977544702
12.364,0.8134098920779838,-0.010636794028307497,0.22768848394885188,0.5351720848096954
12.388,0.8152911104656662,-0.013287404439376543,0.23253693882770524,0.530141888704869
12.412,0.8171286223451918,-0.015952077095318394,0.23735883583186482,0.5250782121104779
12.436,0.8189198753617423,-0.018624022060364034,0.2421347563500167,0.5199943685340463
12.46,0.8206740674903734,-0.021300578508265108,0.24684305793983968,0.5148872352767433
12.476,0.8218277774941735,-0.02308706995812341,0.24993504982046955,0.5114670685498484
12.5,0.8235281935336856,-0.025776382076889082,0.2544963776399529,0.5063284372325076
12.516,0.8246488375003335,-0.027567355961320063,0.2574806260556674,0.502889712462516
12.532,0.8257604783092027,-0.029356230600744295,0.2604176666068098,0.4994401696965687
12.548,0.8268635611424866,-0.031142153156900734,0.2633060254269559,0.49598059894049956
12.568,0.8282248157262418,-0.03337224636253304,0.26684943038964526,0.49165163407505624
12.584,0.8293012224103594,-0.03515583711758516,0.26963414301332156,0.48818129680142114
12.6,0.8303695208888945,-0.03693897509962954,0.2723752216881889,0.48469960749689767
12.62,0.8316859326509355,-0.039176460121718396,0.2757642602663955,0.4803309142274757
12.64,0.8329537639429605,-0.04145234474241508,0.27917345329771803,0.4759536881067715
12.656,0.8339378559080144,-0.04329196199968833,0.2819062555634501,0.4724429294464637
12.672,0.8349038595902231,-0.04513734660473352,0.28463017496250953,0.46891772059034464
12.692,0.836091723629149,-0.04744426586822123,0.28800857697459475,0.4644897532821725
12.716,0.8374875089441006,-0.05020041640196823,0.2920053597237604,0.4591595152539818
12.736,0.8386394065451606,-0.05247629549226232,0.2952701822288482,0.45469297738972453
12.756,0.8397856477931899,-0.054727906278822826,0.29847088176189807,0.4502000164095777
12.772,0.8406990337870623,-0.0565096946734031,0.30098384017216284,0.4465876363633867
12.788,0.8416094121545318,-0.0582745992451759,0.3034565895529394,0.4429579739801694
12.812,0.8429685468946221,-0.060887446847026766,0.30709240305413565,0.4374825753664439
12.828,0.8438720050482557,-0.06260603152617174,0.3094640222125285,0.43381164445923365
12.848,0.8449953652827265,-0.06472888370213124,0.31236393872765345,0.42921064065087494
12.864,0.8458938924796319,-0.0664099726960341,0.31463113853506014,0.4255120266882019
12.884,0.8470141533054943,-0.0684891926691783,0.3174079990578595,0.42086626940369853
12.904,0.8481283445111187,-0.07054207010431683,0.3201267367382688,0.41619827006792565
12.924,0.8492135049449057,-0.07258813333369553,0.3228470391041436,0.4115059844765397
12.944,0.8502601467273992,-0.07463654199067916,0.32560330113670183,0.4067794977326873
12.96,0.8510724818130244,-0.07627378077716378,0.32782708226964374,0.40297313210330604
12.98,0.8520662883554634,-0.07831376784226332,0.3306159597295476,0.39817468677278145
12.996,0.8528587971851966,-0.07993490950517385,0.3328442350033156,0.3942803539757936
13.012,0.8536354755566475,-0.0815473141172469,0.33507160266845915,0.3903633326999726
13.028,0.8543965929651984,-0.08315042261592498,0.337296779604529,0.3864237979429684
13.052,0.8555120861437089,-0.08553536531235024,0.3406271166497185,0.38046805272692896
13.068,0.8562408579888459,-0.08710854100855663,0.3428381640202856,0.3764647240912295
13.088,0.8571311052163987,-0.08905930946129918,0.3455902077869596,0.3714325189729055
13.108,0.8579956358242821,-0.09099777460309588,0.34832981312772987,0.3663730819945306
13.128,0.8588342971690205,-0.09292879792166299,0.3510538998210046,0.36128804013348337
13.152,0.8598091112712015,-0.09524025796797674,0.35429932950791404,0.35514725192159735
13.172,0.8605943983771741,-0.0971652508172415,0.3569833769522367,0.3499986629906313
13.192,0.8613552973605222,-0.09908904337001309,0.3596485631309111,0.34482071316968965
13.212,0.8620905662120285,-0.10101242433269339,0.36229276583848363,0.33961786996528576
13.232,0.8628032024656994,-0.10293539512363592,0.3649102289026749,0.33438819220760735
13.256,0.8636305194122683,-0.1052448313620817,0.3680107050604227,0.32807616855265986
13.272,0.8641668555485914,-0.10678895929497613,0.37004831093006246,0.323845660032312
13.296,0.8649356126345954,-0.1091266787936198,0.3730931266291429,0.3174575134312964
13.316,0.8655236921247497,-0.1111098632470556,0.37566522905459426,0.3120880842635964
13.336,0.8660731553697567,-0.1131188159767173,0.3782431723380635,0.30668147254038186
13.356,0.8665900534661524,-0.11515114762840616,0.380805533094787,0.3012458105896037
13.376,0.8670807699666524,-0.11720979138979394,0.3833370663104091,0.29577947317034603
13.396,0.867549309621689,-0.11929897136743454,0.3858241787597093,0.29028546965013413
13.424,0.868163087904949,-0.12227622857288913,0.38921696735452244,0.2825801285453085
13.444,0.8685851228977738,-0.12444122068478333,0.3915580213283423,0.2770497839894013
13.468,0.8690759009095187,-0.1270894516099378,0.3942656695503864,0.27038848267220894
13.488,0.8694718772470235,-0.12934760793973887,0.39643110148045463,0.2648211335520603
13.504,0.8697806447191452,-0.1311893860789391,0.3981016393990487,0.26035756136507543
13.528,0.8702320158698457,-0.134013454838476,0.40049883334721664,0.25364801786112734
13.552,0.8706662772814251,-0.13691527608350157,0.4027691833353958,0.2469239270204927
13.576,0.8710791739412533,-0.13990079602866315,0.4049188202653755,0.24018657121343562
13.596,0.8714037550372836,-0.14245571456063683,0.4066225351359544,0.23456337952790005
13.62,0.8717753131075807,-0.14559877385149902,0.4085562116117163,0.22779513265783843
13.64,0.8720320964228819,-0.14829290717152155,0.41015161726753535,0.22213709132820986
13.656,0.8721958839940438,-0.15049972882619578,0.4114326842907789,0.21759438840276735
13.672,0.8723283269756524,-0.15275027817158737,0.412703723316458,0.2130405577233934
13.696,0.8724644313344727,-0.1562066373356154,0.41458700146004485,0.20621086472076003
13.716,0.872526414660934,-0.15916514124093517,0.4161244460668416,0.20051074514412784
13.732,0.872543584109748,-0.16158707967314637,0.41732728611798936,0.19594704839066393
13.752,0.8725283124118177,-0.16468268343470216,0.41878734420258124,0.19023963349491624
13.772,0.872476566102098,-0.167853269328361,0.42019113817528136,0.18452460263453732
13.788,0.8724075699663015,-0.1704443753116237,0.4212724810669341,0.17995344810765035
13.804,0.8723136606129476,-0.17308412533085335,0.42231713596550574,0.17538243850621282
13.82,0.8722010715191314,-0.17577160455787197,0.4233175980166027,0.1707976729393124
13.84,0.87203643505632,-0.17919209117121293,0.4245000591857149,0.16505256783000044
13.856,0.8718804411857136,-0.18197499287767496,0.42539654635418633,0.16045989092264218
13.88,0.8716057320709276,-0.18622347459959124,0.4266577660649095,0.1535819520179983
13.904,0.8712873500627691,-0.19056091516972554,0.4278080585129444,0.14671454018487584
13.92,0.8710448169654065,-0.19349969315020316,0.428526140990769,0.14214127506125104
13.94,0.8706827996927896,-0.19722650911624004,0.429422820635729,0.13641556926612847
13.96,0.8702622081570364,-0.2010074069922775,0.43030573271837685,0.1306778013955731
13.976,0.8698917701233783,-0.2040682935289756,0.43098659657381583,0.12607534819109767
13.992,0.8694895726771869,-0.20716199243878897,0.43164101938053917,0.12148177757410035
14.016,0.8688420067331093,-0.21186729023144282,0.43254140188274814,0.11460259300415628
14.032,0.868387445897567,-0.21504968789152532,0.43307147913855626,0.11002713075419554
14.048,0.8679202618934286,-0.21826673485610174,0.4335338835568456,0.10546289991375224
14.072,0.867200391454337,-0.2231564031784827,0.43408878542645307,0.09864900987275006
14.088,0.8667136729812733,-0.22645908863315165,0.43435373705752034,0.0941303423287059
14.104,0.8662250914169112,-0.22979740304644775,0.4345260890378099,0.08963438234504525
14.124,0.8656131482279869,-0.23401788843366983,0.4346094682240105,0.08404829348608246
14.148,0.8648785857168135,-0.2391545826477915,0.4345102260886174,0.07740142758027023
14.172,0.8641426823644122,-0.24437486630857178,0.4341927632123495,0.070816619565827
14.192,0.8634928189316097,-0.24878648081576119,0.43383630565153586,0.06535670214659302
14.212,0.862804918704862,-0.25325491433858127,0.43340376634479894,0.05992325041415442
14.228,0.8622521842600667,-0.256877723616598,0.43294506120878995,0.055619958856654134
14.244,0.8617015363027217,-0.26054414545970755,0.43237423448059353,0.051378321863610465
14.264,0.860996840037502,-0.26518429571563823,0.43154876317874935,0.046123700525099724
14.284,0.8602496866303182,-0.2698860418132441,0.43064892531951604,0.04090848576964484
14.304,0.8594660485447448,-0.2746495683120568,0.42966096762608963,0.03573764015006492
14.32,0.8588147106484697,-0.2785041166994167,0.4288029458651387,0.0316351603859058
14.34,0.857972364382075,-0.28337733719970304,0.42763967803498404,0.026552071263332165
14.364,0.856925044763915,-0.28930380680550977,0.426099931822451,0.02053346354381757
14.384,0.8560253292978063,-0.29431149859967176,0.4246857173960842,0.015601885538971245
14.404,0.8551036702902074,-0.2993824085294923,0.4231460802339807,0.010736913053302525
14.424,0.8541597734764671,-0.30451539981217274,0.42148089744906286,0.005941863124954061
14.44,0.8533881508851372,-0.30866813443518853,0.4200571263355949,0.0021580842960645693
14.464,-0.8522034406828937,0.3149733188654046,-0.4177670913819749,0.0034294969594285928
14.484,-0.8511869216650351,0.32029584504749675,-0.4157252218920336,0.007995993655008686
14.508,-0.8499289643281951,0.32676258077912007,-0.4131204378961108,0.013359460733738579
14.528,-0.8488546750240515,0.33221923164703093,-0.4108056617946468,0.01774347911573683
14.548,-0.8477562011052067,0.33773395880028134,-0.408361994245148,0.022038108287331448
14.568,-0.8466400402256231,0.3433061048881076,-0.4057749171860082,0.02623503794545116
14.592,-0.8452807862102798,0.35006298293540294,-0.4024760578676537,0.031133957111363512
14.612,-0.8441339846695153,0.3557451403328298,-0.39956382461936846,0.03509930356979511
14.632,-0.8429685545209136,0.3614715698006566,-0.39651521633959896,0.038961564726430135
14.652,-0.8417536076077295,0.36723024630359397,-0.39340248027114655,0.042746915627732286
14.672,-0.8404910142598834,0.37301774368258045,-0.3902246425484346,0.04644724097614407
14.692,-0.839197098137749,0.3788401020090342,-0.3869410706683803,0.050050129040528024
14.712,-0.8378827938074057,0.3847031305293431,-0.38352271860033715,0.0535373656414523
14.736,-0.8362767148439416,0.3917993306686986,-0.37923855612686835,0.057555696887386265
14.756,-0.8349170912398352,0.397762170852162,-0.3755092948387461,0.0607575154552599
14.772,-0.8338173502993601,0.4025620214746186,-0.3724181611970882,0.06322308452300211
14.788,-0.8327079680938467,0.40738690441469116,-0.36922897444660246,0.06559965254132492
14.812,-0.8310283351969815,0.41466829924129883,-0.3642541500365769,0.06900015858817293
14.828,-0.8298988510885105,0.41955089308439125,-0.360808178716291,0.07115056742917156
14.848,-0.8284746233436975,0.42568139023039764,-0.3563603365265997,0.0737052443024456
14.876,-0.8264531553800646,0.4343139402999294,-0.349877913869646,0.0770196637860022
14.9,-0.8246922253895587,0.4417471762114296,-0.34410004399959165,0.07960732008254551
14.92,-0.823203988518851,0.44796043206281033,-0.3391302168491808,0.08159252792127109
14.94,-0.8216949552637364,0.4541846562300307,-0.33402787507432685,0.0834210837418525
14.96,-0.8201635287195048,0.4604169407926105,-0.3287956181138577,0.08509681720646328
14.98,-0.8185925355440129,0.4666413120920775,-0.323486530082475,0.08665224437836772
14.996,-0.8173035878200468,0.47160949019850523,-0.31919756919965164,0.08781939369079515
15.016,-0.8156557486734193,0.47780526534601275,-0.313779961926871,0.0891625681370929
15.036,-0.8139717890646538,0.483982911636151,-0.3082958520295059,0.09035560565057107
15.056,-0.8122556781278435,0.4901453148117482,-0.3027263568457563,0.09140588924169565
15.08,-0.8101518657166772,0.4975216200451369,-0.2959333138942148,0.0924644028317799
15.104,-0.807996328755117,0.5048779081997699,-0.2890313374369547,0.09327977545793699
15.12,-0.8065291419856162,0.5097766532767892,-0.28435576946452695,0.09370327248340228
15.14,-0.8046623216844112,0.5158857887196661,-0.278437469669577,0.09409025742628534
15.156,-0.8031411555701015,0.5207627837718385,-0.2736399436523245,0.094295219951385
15.176,-0.8012021310303424,0.5268428141975933,-0.2675784386655432,0.09441172343574972
15.192,-0.7996188352392971,0.5316921214488544,-0.2626835235403619,0.09439583031144218
15.208,-0.7980048661301774,0.5365279573453295,-0.2577530697956582,0.09428329454532597
15.224,-0.7963591114000999,0.5413464318730832,-0.252796694211172,0.09407463943182547
15.244,-0.7942587746543842,0.5473461952075073,-0.24655038930544257,0.09369123229905937
15.264,-0.7921036751651803,0.553312727223633,-0.24028219911536308,0.09317327122327022
15.284,-0.7898829283092462,0.5592369842940883,-0.2340377105854925,0.09254893293369405
15.304,-0.7875991511534426,0.5651158934001103,-0.22781921906314956,0.09181507258848515
15.32,-0.7857278178363887,0.5697860481262057,-0.2228618748815926,0.09114954943963967
15.34,-0.7833336331393012,0.5755835887544568,-0.21668537640773103,0.0902186189229425
15.356,-0.7813765745226344,0.5801952927438132,-0.21173123692604293,0.08940891664125526
15.376,-0.7788777028401784,0.5859280591671829,-0.20552029017380144,0.08831332756646347
15.396,-0.7763202559538409,0.5916143025527406,-0.19933039437424988,0.08710207281921127
15.42,-0.7731726552933327,0.5983739809537021,-0.19194402060157315,0.08549922209926133
15.444,-0.7699359083909892,0.6050626551900324,-0.18461891411889633,0.08374805558393451
15.468,-0.7666103236689673,0.6116718955178682,-0.1773860115767328,0.08185540162163174
15.488,-0.7637701443846305,0.6171208887240963,-0.1714293167718143,0.08018082437971785
15.504,-0.7614523430602149,0.6214433730768272,-0.16670473394461927,0.078790830605202
15.524,-0.7585033019553326,0.6267913998996313,-0.16086995847936683,0.07698141589737711
15.544,-0.7555003132117656,0.6320742361395617,-0.15512031346736843,0.07509410825956339
15.564,-0.7524447273234545,0.6372916561311496,-0.14945898499485566,0.07313199814757326
15.596,-0.7474491955165119,0.6454987952417451,-0.14060862363900914,0.06985857443090555
15.612,-0.7449036265751945,0.6495370114621662,-0.13627886272532186,0.06817865817258421
15.628,-0.7423280716716659,0.6535274019238478,-0.13203075015821425,0.06647443084036747
15.652,-0.738411813121033,0.6594265886381622,-0.12579895276656655,0.06386855191078034
15.672,-0.7351066308419881,0.6642621869829762,-0.12072399465301961,0.061641750070487056
15.688,-0.7324388218073143,0.6680762891564471,-0.11674018124687784,0.059826200438526426
15.712,-0.7284241132737569,0.6737212111594547,-0.11072758992002768,0.05689852076882701
15.732,-0.7252864381581045,0.6784729328761933,-0.10412171511249446,0.05284629050689662
15.756,-0.7220119225061646,0.684325524898062,-0.09204039857828611,0.04388535930688529
15.776,-0.7195064676232815,0.6891771215926643,-0.07896864309246668,0.0333060284280835
15.796,-0.7169560580119405,0.6938267241739907,-0.06434695005675212,0.02092743941245142
15.824,-0.7130012284913513,0.6998124399621432,-0.04341846810660068,0.002575591452841152
15.844,0.7098274161505231,-0.7036943132769382,0.02924677161967343,0.010197013905906799
15.86,0.7070859959787751,-0.7066009793460407,0.018811128404062148,0.01976339358728107
15.884,0.7026994777885869,-0.7107194666051083,0.0049862051074802865,0.032656109119485535
15.904,0.698865933471881,-0.7140113968290678,-0.004682711268833755,0.04185934120185038
15.924,0.6949355100805383,-0.717252991218963,-0.012601291288468928,0.049537772198751245
15.94,0.6917621114291858,-0.719836176591109,-0.017738043949426033,0.05464816427453861
15.96,0.6877825574334966,-0.7230941282244999,-0.02276281832930066,0.059765286908008704
15.976,0.6846028046745728,-0.7257491300214385,-0.025689384942293614,0.06282718843081218
15.996,0.680638326412648,-0.7291580886679613,-0.028043012385793865,0.06537231680616415
16.016,0.6767063508917606,-0.7326737442494351,-0.028947548436440648,0.06648111453481109
16.04,0.6720257229362204,-0.7370424509147021,-0.028240904832886476,0.06597199827138195
16.06,0.6681394289639127,-0.7407891097498506,-0.026403947594166602,0.06421861016282632
16.076,0.6650287418941423,-0.743833872649665,-0.024279790662028473,0.0621162951173389
16.092,0.6619054722389353,-0.7469123339533438,-0.021655973899082095,0.05944854920856434
16.12,0.6563801672354029,-0.7523459249536733,-0.016140827986422426,0.05366711225265618
16.136,0.6531759542363832,-0.7554607795347579,-0.012558985351709894,0.04982424388851171
16.156,0.6491100558679891,-0.7593462461537621,-0.007769936996209452,0.04459867601533839
16.172,0.6458007331518117,-0.7624410653460831,-0.003745139090442331,0.04013737494786483
16.192,0.6415856940860347,-0.76628230505868,0.0014299194205667463,0.03431007765290064
16.208,0.6381457020329192,-0.7693293147394897,0.005625784936536774,0.02950964254659118
16.224,0.6346389880138305,-0.7723540463129126,0.009828778096316068,0.024616603299113277
16.244,0.6301642649943937,-0.7760970148934621,0.015039909069596853,0.018445154721799258
16.268,0.6246643569209137,-0.7805278585113409,0.021180981651457997,0.01104849747985512
16.288,0.6199751166788287,-0.7841702317318716,0.02613925885156262,0.004964021690789564
16.304,0.6161582277822173,-0.787051730623626,0.029976267970118348,0.00018712887639123343
16.324,-0.6113096705104684,0.7906149884826342,-0.0345930026956879,0.00563479294057264
16.344,-0.6063797341663621,0.794139590465593,-0.03898042921155608,0.011245220582766485
16.36,-0.6023795390771773,0.7969357179231803,-0.04231023556212597,0.015562659352124116
16.376,-0.5983352726340004,0.7997114320494622,-0.045474806100833605,0.019712153141822685
16.4,-0.5921968076660289,0.803839012709984,-0.04990466827260855,0.025598959357824375
16.424,-0.5859884294704811,0.8079255632718877,-0.05394499890595511,0.031044835827534468
16.444,-0.5807756985112932,0.8113004341698916,-0.057009786869081557,0.03522893321698533
16.464,-0.5755372344361975,0.814649238288113,-0.059800647353330114,0.03908187444651949
16.48,-0.5713324755462093,0.8173114881555649,-0.06183359854538338,0.04192540764387057
16.504,-0.5650103515142831,0.8212792757561956,-0.06454511120249343,0.045799372429572514
16.52,-0.5607975399952082,0.8239025731396563,-0.06614764801833924,0.04811608640380064
16.54,-0.5555371062472715,0.8271556862601135,-0.06794809203236161,0.05074496092352906
16.56,-0.5502876287485188,0.830379640938883,-0.06953646317921905,0.05308349883974613
16.584,-0.5440133980286753,0.8342064195007801,-0.07118387234235295,0.05551512178974504
16.604,-0.5388135945089987,0.8373592973708649,-0.07234393521585496,0.05723349121229791
16.624,-0.5336424928244969,0.8404787136134572,-0.07332184424091112,0.05869522103064925
16.648,-0.5274788381753575,0.844178745606222,-0.07425789846779696,0.06011726257097107
16.668,-0.5223909869860525,0.8472194856903762,-0.07486328243669811,0.061010562405830804
16.684,-0.5183550879786586,0.8496220735171196,-0.07524549575824874,0.06155038852194892
16.704,-0.5133522899859643,0.8525844528800228,-0.07563011683974313,0.06204242500294207
16.72,-0.5093825127299751,0.8549215292153479,-0.07587345598157859,0.062304520593608824
16.748,-0.5025046356664816,0.8589388051250227,-0.07617707267970288,0.06253218197093506
16.768,-0.4976495228734476,0.8617484431090228,-0.0763232665625048,0.06252465245192773
16.792,-0.49188412096309175,0.8650485352136632,-0.07647646049431259,0.06238905560532427
16.816,-0.4861644730862381,0.8682642058867129,-0.07668622611468787,0.062294434815505624
16.836,-0.48142735143782317,0.8708810728828866,-0.07691731132417286,0.062270293082458676
16.852,-0.47765748193882157,0.8729388429459938,-0.07711018934526874,0.06225050299484094
16.868,-0.4739027822045956,0.8749683951083249,-0.07730084855817086,0.06221767749195413
16.892,-0.46830514971323217,0.8779611397520201,-0.07757425702975591,0.06210280576336629
16.912,-0.4636674225305554,0.8804137636713847,-0.0777727429233642,0.06193162746154042
16.932,-0.4590526415132073,0.8828320950179807,-0.07793921480827795,0.061673682563789564
16.956,-0.4535461263691896,0.885690054844397,-0.07809839920842025,0.06123461477231923
16.976,-0.4489844565489515,0.8880356936697301,-0.07819642143271156,0.06075264785243221
